transaction_id,customer_code,product_code,sale_date,quantity,unit_price,discount,payment_method,currency,sales_channel,region
TXN000001,CUST0012,PROD0003,2024-02-08,1,1097.14,38.8,CASH,EUR,PHONE,NORTE
TXN000002,CUST0077,PROD0027,2024-08-20,6,-10,,CASH,USD,ONLINE,SUR
TXN000001,CUST0068,PROD0033,2024-01-14,10,389.63,,,PEN,PHONE,SUR
TXN000004,CUST0038,PROD0048,2024-10-14,3,1129.49,41.21,CRYPTO,USD,ONLINE,CENTRO
TXN000005,CUST0024,PROD0026,2024-08-07,7,564.79,15.94,CASH,PEN,ONLINE,CENTRO
TXN000006,CUST0033,PROD0012,2024-11-22,9,1442.74,19.27,CASH,USD,PHONE,CENTRO
TXN000007,CUST0002,PROD0011,2024-10-11,10,1493.18,8.21,PAYPAL,EUR,ONLINE,ORIENTE
TXN000008,CUST0070,PROD0022,2024-04-14,9,330.41,3.03,DEBIT_CARD,PEN,PHONE,CENTRO
TXN000009,CUST0056,PROD0016,2024-07-05,1,893.85,24.53,CRYPTO,EUR,PHONE,ORIENTE
TXN000010,CUST0042,PROD0001,01/12/2024,5,1190.3,34.58,CREDIT_CARD,EUR,MOBILE_APP,ORIENTE
TXN000011,CUST0019,PROD0035,2024-10-11,5,1433.93,27.73,BANK_TRANSFER,PEN,MOBILE_APP,CENTRO
TXN000012,CUST0026,PROD0036,2024-04-30,3,284.83,13.62,CREDIT_CARD,EUR,STORE,ORIENTE
TXN000013,CUST0086,PROD0041,2024-12-29,5,1165.39,8.53,CRYPTO,PEN,STORE,SUR
TXN000014,CUST0051,PROD0031,2024-09-04,7,1158.27,33.81,BANK_TRANSFER,PEN,ONLINE,NORTE
TXN000015,CUST0063,PROD0023,2024-06-12,10,1440.58,4.49,PAYPAL,PEN,PHONE,SUR
TXN000016,CUST0043,PROD0010,2024-09-20,5,222.23,49.79,CREDIT_CARD,USD,STORE,CENTRO
TXN000017,CUST0055,PROD0048,2024-01-01,2,763.92,39.94,CASH,EUR,MOBILE_APP,NORTE
TXN000018,CUST0069,PROD0019,2024-04-11,9,1132.91,17.62,BANK_TRANSFER,PEN,ONLINE,CENTRO
TXN000019,CUST0042,PROD0039,2024-10-23,2,843.84,0.63,CASH,EUR,MOBILE_APP,NORTE
TXN000020,CUST0001,PROD0041,2024-06-15,7,-10,49.77,CASH,PEN,MOBILE_APP,ORIENTE
TXN000019,CUST0097,PROD0009,2024-08-30,4,427.16,,,PEN,STORE,ORIENTE
TXN000022,CUST0095,PROD0034,2024-04-19,3,644.66,20.54,CASH,PEN,PHONE,ORIENTE
TXN000023,CUST0023,PROD0040,2024-01-09,2,1522.81,18.04,CRYPTO,PEN,STORE,ORIENTE
TXN000024,CUST0100,PROD0036,2024-02-18,9,1605.16,40.41,CREDIT_CARD,EUR,MOBILE_APP,CENTRO
TXN000025,CUST0059,PROD0039,2024-03-12,2,404.43,42.37,CASH,PEN,ONLINE,SUR
TXN000026,CUST0069,PROD0006,2024-07-30,8,1172.99,16.87,CRYPTO,EUR,MOBILE_APP,CENTRO
TXN000027,CUST0026,PROD0032,2024-02-10,6,1056.53,8.76,CRYPTO,EUR,MOBILE_APP,NORTE
TXN000028,CUST0093,PROD0024,20240611,10,1330.14,47.48,BANK_TRANSFER,EUR,ONLINE,ORIENTE
TXN000029,CUST0071,PROD0029,2024-04-21,4,1420.42,9.52,CRYPTO,USD,PHONE,ORIENTE
TXN000030,CUST0083,PROD0038,2024-05-03,8,1485.74,45.32,CREDIT_CARD,PEN,MOBILE_APP,ORIENTE
TXN000031,CUST0055,PROD0020,2024-05-02,9,1306.99,3.36,CASH,USD,STORE,ORIENTE
TXN000028,CUST0023,PROD0042,2024-06-12,5,720.84,99.36,CREDIT_CARD,PEN,ONLINE,SUR
TXN000033,CUST0053,PROD0018,2024-01-28,4,1361.72,42.96,CASH,EUR,PHONE,ORIENTE
TXN000034,CUST0054,PROD0009,2024-07-23,10,1650.46,22.41,CREDIT_CARD,USD,PHONE,SUR
TXN000035,CUST0011,PROD0032,2024-06-20,3,16.96,17.88,CASH,USD,MOBILE_APP,SUR
TXN000036,CUST0003,PROD0040,2024-01-14,4,841.94,36.7,DEBIT_CARD,PEN,ONLINE,SUR
TXN000037,CUST0082,PROD0004,2024-07-16,1,1311.07,39.17,PAYPAL,EUR,PHONE,SUR
TXN000038,CUST0077,PROD0023,2024-12-26,6,132.88,27.44,DEBIT_CARD,EUR,MOBILE_APP,SUR
TXN000039,CUST0082,PROD0007,2024-04-22,3,839.99,21.25,CASH,PEN,MOBILE_APP,NORTE
TXN000040,CUST0038,PROD0016,2024-03-26,9,627.81,12.31,CREDIT_CARD,PEN,PHONE,ORIENTE
TXN000041,CUST0054,PROD0020,2024-05-12,5,28.07,68.08,CASH,USD,MOBILE_APP,SUR
TXN000042,CUST0059,PROD0006,2024-07-29,3,579.66,34.56,CASH,EUR,PHONE,SUR
TXN000041,CUST0017,PROD0011,05-26-2024,10,12.94,,,EUR,MOBILE_APP,ORIENTE
TXN000044,CUST0023,PROD0007,2024-09-14,4,283.16,26.18,DEBIT_CARD,EUR,ONLINE,SUR
TXN000045,CUST0022,PROD0031,2024-07-07,3,1293.13,6.32,CREDIT_CARD,USD,ONLINE,ORIENTE
TXN000046,CUST0090,PROD0024,20240319,9,1438.42,7.76,DEBIT_CARD,USD,MOBILE_APP,CENTRO
TXN000038,CUST0090,PROD0022,2024-06-24,2,985.47,4.35,CRYPTO,EUR,PHONE,ORIENTE
TXN000048,CUST0015,PROD0036,2024-04-01,1,1241.99,12.1,CRYPTO,USD,STORE,CENTRO
TXN000049,CUST0038,PROD0026,10-10-2024,8,605.2,28.63,CRYPTO,EUR,ONLINE,CENTRO
TXN000050,CUST0042,PROD0048,2024-08-25,2,1198.12,49.14,BANK_TRANSFER,USD,MOBILE_APP,ORIENTE
TXN000051,CUST0024,PROD0039,2024-01-07,2,1130.46,36.07,PAYPAL,USD,MOBILE_APP,SUR
TXN000052,CUST0097,PROD0006,2024-02-20,2,342.09,25.95,PAYPAL,USD,PHONE,NORTE
TXN000053,CUST0093,PROD0045,2024-09-25,1,1368.23,37.05,CASH,EUR,ONLINE,SUR
TXN000054,CUST0035,PROD0048,2024-11-22,2,1439.56,21.01,DEBIT_CARD,PEN,ONLINE,SUR
TXN000055,CUST0048,PROD0046,2024-08-07,3,1449.37,35.62,BANK_TRANSFER,USD,MOBILE_APP,ORIENTE
TXN000056,CUST0014,PROD0047,2024-07-25,3,96.73,1.14,DEBIT_CARD,PEN,ONLINE,SUR
TXN000057,CUST0020,PROD0011,2024-03-09,6,1170.86,40.05,CRYPTO,PEN,PHONE,ORIENTE
TXN000058,CUST0098,PROD0040,2024-05-24,7,676.77,38.49,BANK_TRANSFER,USD,PHONE,SUR
TXN000059,CUST0041,PROD0030,2024-02-23,4,54.49,10.38,DEBIT_CARD,PEN,STORE,CENTRO
TXN000051,CUST0026,PROD0024,2024-08-20,7,477.84,27.83,PAYPAL,EUR,MOBILE_APP,CENTRO
TXN000061,CUST0048,PROD0017,2024-05-02,10,954.52,29.0,BANK_TRANSFER,EUR,STORE,SUR
TXN000062,CUST0086,PROD0015,2024-06-02,1,940.04,31.54,CREDIT_CARD,USD,MOBILE_APP,NORTE
TXN000063,CUST0086,PROD0013,2024-06-18,4,865.66,20.22,CRYPTO,EUR,ONLINE,NORTE
TXN000064,CUST0012,PROD0001,2024-06-02,8,1970.38,46.07,CRYPTO,USD,PHONE,ORIENTE
TXN000065,CUST0071,PROD0046,20240420,5,766.53,6.24,CREDIT_CARD,PEN,STORE,ORIENTE
TXN000066,CUST0081,PROD0047,2024-09-25,5,1686.61,32.61,CASH,PEN,MOBILE_APP,CENTRO
TXN000067,CUST0021,PROD0039,2024-09-14,3,1699.56,35.26,CREDIT_CARD,USD,ONLINE,SUR
TXN000068,CUST0016,PROD0029,14/11/2024,5,1071.8,29.82,CASH,USD,STORE,ORIENTE
TXN000060,CUST0051,PROD0004,2024-01-31,10,982.02,36.85,CREDIT_CARD,PEN,MOBILE_APP,SUR
TXN000063,CUST0058,PROD0038,2024-01-08,10,163.76,,CASH,EUR,STORE,CENTRO
TXN000071,CUST0047,PROD0002,2024-10-02,10,890.5,9.85,PAYPAL,EUR,STORE,CENTRO
TXN000072,CUST0093,PROD0035,2024-06-22,5,287.07,48.0,CRYPTO,EUR,STORE,ORIENTE
TXN000073,CUST0067,PROD0029,2024-10-02,2,1088.68,6.3,CRYPTO,USD,PHONE,ORIENTE
TXN000074,CUST0043,PROD0017,2024-02-28,9,1791.64,34.33,BANK_TRANSFER,EUR,ONLINE,NORTE
TXN000075,CUST0047,PROD0037,2024-12-18,4,123.74,9.82,CRYPTO,USD,STORE,CENTRO
TXN000076,CUST0007,PROD0009,2024-10-18,4,1688.88,17.33,CASH,USD,ONLINE,NORTE
TXN000077,CUST0062,PROD0014,2024-06-03,3,1910.57,19.76,CREDIT_CARD,EUR,PHONE,NORTE
TXN000078,CUST0087,PROD0023,2024-04-01,7,999999.99,40.67,CRYPTO,EUR,MOBILE_APP,CENTRO
TXN000079,CUST0012,PROD0011,2024-04-20,5,931.28,33.85,PAYPAL,PEN,MOBILE_APP,CENTRO
TXN000080,CUST0088,PROD0019,2024-06-22,7,850.02,47.56,PAYPAL,PEN,MOBILE_APP,ORIENTE
TXN000081,CUST0014,PROD0001,2024-02-01,7,702.34,0.01,DEBIT_CARD,PEN,ONLINE,CENTRO
TXN000082,CUST0004,PROD0002,2024-08-08,6,1228.86,10.17,PAYPAL,PEN,MOBILE_APP,NORTE
TXN000083,CUST0082,PROD0045,2024-04-21,8,855.63,37.0,CASH,EUR,PHONE,SUR
TXN000084,CUST0093,PROD0011,2024-07-12,5,21.58,40.02,CASH,USD,MOBILE_APP,CENTRO
TXN000085,CUST0098,PROD0023,2024-06-03,3,1669.57,10.89,PAYPAL,USD,STORE,ORIENTE
TXN000086,CUST0009,PROD0045,2024-08-21,9,1186.99,14.05,DEBIT_CARD,PEN,MOBILE_APP,ORIENTE
TXN000087,CUST0014,PROD0020,2024-06-10,4,0,40.96,CASH,USD,STORE,ORIENTE
TXN000088,CUST0095,PROD0014,2024-09-23,6,845.15,20.25,CASH,EUR,ONLINE,CENTRO
TXN000089,CUST0012,PROD0008,2024-12-03,6,534.62,27.83,CREDIT_CARD,EUR,STORE,NORTE
TXN000090,CUST0057,PROD0022,2024-06-26,6,1428.92,41.46,CRYPTO,PEN,PHONE,SUR
TXN000091,CUST0040,PROD0011,2024-12-30,9,1866.97,0.1,CREDIT_CARD,PEN,ONLINE,CENTRO
TXN000092,CUST0031,PROD0010,2024-01-09,10,1718.36,39.54,CASH,EUR,PHONE,SUR
TXN000093,CUST0057,PROD0043,2024-11-17,2,1085.91,9.74,CASH,USD,STORE,NORTE
TXN000094,CUST0045,PROD0042,06-09-2024,1,331.36,24.73,CREDIT_CARD,PEN,ONLINE,ORIENTE
TXN000095,CUST0087,PROD0023,2024-09-06,7,1841.5,36.34,DEBIT_CARD,PEN,MOBILE_APP,NORTE
TXN000096,CUST0034,PROD0030,2024-05-04,4,895.69,18.02,CRYPTO,EUR,MOBILE_APP,SUR
TXN000097,CUST0062,PROD0018,2024-08-04,2,1770.42,31.66,CRYPTO,EUR,PHONE,ORIENTE
TXN000098,CUST0067,PROD0044,2024-07-30,9,255.33,31.62,PAYPAL,PEN,STORE,NORTE
TXN000099,CUST0091,PROD0015,2024-01-29,3,1826.67,1.09,CRYPTO,USD,STORE,CENTRO
TXN000100,CUST0056,PROD0008,2024-12-07,8,1756.12,18.09,CASH,EUR,STORE,ORIENTE
TXN000101,CUST0021,PROD0049,2024-12-27,9,1370.04,42.35,CREDIT_CARD,PEN,ONLINE,ORIENTE
TXN000102,CUST0035,PROD0039,2024-02-26,9,112.44,7.45,PAYPAL,PEN,MOBILE_APP,CENTRO
TXN000103,CUST0089,PROD0021,2024-03-23,1,1626.76,44.98,CREDIT_CARD,PEN,MOBILE_APP,NORTE
TXN000104,CUST0005,PROD0039,2024-03-30,7,1308.91,49.83,PAYPAL,USD,MOBILE_APP,ORIENTE
TXN000105,CUST0025,PROD0045,2024-10-06,2,1460.79,34.88,DEBIT_CARD,EUR,STORE,NORTE
TXN000106,CUST0097,PROD0006,2024-03-02,5,534.34,0.63,CREDIT_CARD,USD,STORE,CENTRO
TXN000107,CUST0004,PROD0001,2024-06-27,3,300.58,5.02,CRYPTO,EUR,MOBILE_APP,SUR
TXN000108,CUST0012,PROD0028,2024-11-14,6,1670.03,34.44,BANK_TRANSFER,USD,ONLINE,NORTE
TXN000109,CUST0019,PROD0050,2024-10-21,5,1069.28,6.29,PAYPAL,PEN,MOBILE_APP,NORTE
TXN000110,CUST0031,PROD0043,2024-07-16,6,974.83,44.57,CASH,PEN,ONLINE,ORIENTE
TXN000111,CUST0067,PROD0002,2024-05-18,3,812.35,35.33,DEBIT_CARD,PEN,ONLINE,ORIENTE
TXN000112,CUST0019,PROD0004,2024-07-28,10,177.39,24.76,BANK_TRANSFER,EUR,ONLINE,CENTRO
TXN000113,CUST0051,PROD0007,2024-05-14,2,1727.54,36.98,CRYPTO,EUR,MOBILE_APP,NORTE
TXN000114,CUST0057,PROD0008,2024-05-07,3,954.7,18.21,CRYPTO,PEN,PHONE,ORIENTE
TXN000115,CUST0092,PROD0025,2024-04-05,8,69.79,12.11,CREDIT_CARD,PEN,PHONE,CENTRO
TXN000116,CUST0023,PROD0011,2024-02-20,6,84.31,22.08,CASH,PEN,MOBILE_APP,ORIENTE
TXN000117,CUST0067,PROD0002,2024-11-08,2,1633.06,10.68,CREDIT_CARD,PEN,ONLINE,CENTRO
TXN000118,CUST0087,PROD0019,2024-03-09,10,1798.94,36.42,DEBIT_CARD,EUR,STORE,CENTRO
TXN000119,CUST0095,PROD0011,2024-11-05,8,1995.75,16.35,PAYPAL,EUR,MOBILE_APP,SUR
TXN000120,CUST0083,PROD0002,2024-03-18,4,1673.64,36.26,BANK_TRANSFER,EUR,MOBILE_APP,NORTE
TXN000121,CUST0083,PROD0038,2024-10-20,7,1579.53,4.31,CRYPTO,USD,ONLINE,ORIENTE
TXN000122,CUST0033,PROD0002,26/01/2024,2,1188.53,49.3,CRYPTO,PEN,ONLINE,NORTE
TXN000123,CUST0003,PROD0025,2024-06-02,6,0,94.03,PAYPAL,PEN,ONLINE,SUR
TXN000124,CUST0072,PROD0012,2024-01-12,1,128.44,39.47,CASH,PEN,ONLINE,CENTRO
TXN000125,CUST0049,PROD0024,2024-12-15,8,1389.08,2.73,DEBIT_CARD,USD,MOBILE_APP,CENTRO
TXN000126,CUST0073,PROD0017,2024-06-24,4,798.03,44.63,BANK_TRANSFER,USD,STORE,SUR
TXN000127,CUST0050,PROD0011,2024-12-26,9,653.05,49.86,CASH,USD,PHONE,NORTE
TXN000128,CUST0007,PROD0048,2024-08-04,1,1597.35,1.18,CASH,USD,STORE,SUR
TXN000129,CUST0077,PROD0021,2024-02-17,7,211.13,11.55,CASH,PEN,PHONE,ORIENTE
TXN000130,CUST0020,PROD0009,2024-10-28,1,733.3,43.66,BANK_TRANSFER,USD,MOBILE_APP,CENTRO
TXN000131,CUST0091,PROD0042,2024-04-12,6,1310.21,35.9,CASH,PEN,MOBILE_APP,ORIENTE
TXN000132,CUST0052,PROD0036,2024-04-11,7,1473.82,37.54,BANK_TRANSFER,PEN,ONLINE,SUR
TXN000133,CUST0029,PROD0027,2024-08-15,5,259.77,41.46,BANK_TRANSFER,EUR,ONLINE,SUR
TXN000133,CUST0071,PROD0012,2024-08-07,4,901.62,4.2,CASH,USD,ONLINE,SUR
TXN000135,CUST0039,PROD0010,2024-12-04,5,331.38,23.92,CREDIT_CARD,USD,ONLINE,CENTRO
TXN000126,CUST0080,PROD0018,2024-10-04,9,550.81,,DEBIT_CARD,PEN,STORE,SUR
TXN000137,CUST0044,PROD0041,2024-12-05,2,1781.41,20.3,CRYPTO,PEN,MOBILE_APP,CENTRO
TXN000138,CUST0064,PROD0036,2024-05-31,5,561.64,3.61,DEBIT_CARD,USD,STORE,ORIENTE
TXN000139,CUST0002,PROD0048,2024-10-15,5,80.96,40.94,BANK_TRANSFER,PEN,PHONE,CENTRO
TXN000140,CUST0012,PROD0009,2024-09-22,10,1715.51,33.46,DEBIT_CARD,PEN,PHONE,CENTRO
TXN000141,CUST0067,PROD0006,2024-07-26,2,1664.6,19.96,CRYPTO,USD,MOBILE_APP,NORTE
TXN000142,CUST0071,PROD0007,2024-09-29,1,151.32,4.29,CASH,USD,STORE,CENTRO
TXN000143,CUST0016,PROD0025,2024-04-26,1,99.7,38.41,PAYPAL,EUR,ONLINE,NORTE
TXN000144,CUST0022,PROD0041,2024-07-29,10,414.96,31.52,DEBIT_CARD,USD,STORE,ORIENTE
TXN000145,CUST0099,PROD0011,2024-08-05,2,1684.24,17.54,CREDIT_CARD,USD,STORE,ORIENTE
TXN000146,CUST0044,PROD0006,2024-04-20,7,322.8,32.88,PAYPAL,EUR,PHONE,CENTRO
TXN000147,CUST0006,PROD0016,2024-03-07,6,598.53,48.11,CREDIT_CARD,PEN,MOBILE_APP,ORIENTE
TXN000148,CUST0035,PROD0020,2024-04-16,7,1768.58,17.64,DEBIT_CARD,PEN,PHONE,NORTE
TXN000149,CUST0044,PROD0025,2024-05-10,8,1135.2,20.64,CASH,PEN,PHONE,NORTE
TXN000150,CUST0013,PROD0033,2024-04-01,10,1892.16,42.66,DEBIT_CARD,EUR,PHONE,ORIENTE
TXN000151,CUST0019,PROD0012,2024-04-07,8,1385.79,35.42,CREDIT_CARD,PEN,STORE,ORIENTE
TXN000152,CUST0008,PROD0021,2024-08-02,5,442.21,49.18,CASH,PEN,ONLINE,CENTRO
TXN000153,CUST0063,PROD0037,17/02/2024,6,1832.69,34.52,BANK_TRANSFER,EUR,ONLINE,CENTRO
TXN000154,CUST0012,PROD0040,2024-09-27,9,237.16,14.52,CRYPTO,PEN,PHONE,SUR
TXN000155,CUST0047,PROD0030,2024-10-23,9,398.61,36.2,BANK_TRANSFER,EUR,ONLINE,CENTRO
TXN000156,CUST0027,PROD0016,2024-08-26,10,1328.96,26.05,CRYPTO,PEN,MOBILE_APP,ORIENTE
TXN000157,CUST0076,PROD0048,2024-02-14,10,74.34,18.28,BANK_TRANSFER,PEN,STORE,ORIENTE
TXN000158,CUST0020,PROD0035,2024-05-22,6,1019.65,6.54,CREDIT_CARD,PEN,ONLINE,SUR
TXN000159,CUST0080,PROD0040,2024-09-02,9,1160.84,40.22,CASH,PEN,MOBILE_APP,CENTRO
TXN000160,CUST0020,PROD0016,2024-10-18,5,1203.31,11.3,BANK_TRANSFER,EUR,STORE,ORIENTE
TXN000161,CUST0072,PROD0047,2024-11-28,4,1576.59,,BANK_TRANSFER,PEN,PHONE,ORIENTE
TXN000162,CUST0052,PROD0028,2024-08-08,9,1277.03,41.39,PAYPAL,USD,STORE,NORTE
TXN000163,CUST0063,PROD0043,2024-01-01,10,795.6,25.47,DEBIT_CARD,EUR,STORE,SUR
TXN000164,CUST0060,PROD0033,2024-04-18,9,1983.6,16.34,CASH,USD,PHONE,CENTRO
TXN000165,CUST0089,PROD0024,22/11/2024,7,1460.56,11.24,DEBIT_CARD,USD,PHONE,CENTRO
TXN000166,CUST0063,PROD0019,2024-05-25,3,1750.76,24.85,PAYPAL,PEN,ONLINE,SUR
TXN000167,CUST0064,PROD0012,2024-12-07,3,1952.86,24.5,PAYPAL,PEN,PHONE,NORTE
TXN000168,CUST0096,PROD0019,2024-04-01,4,546.26,31.61,CREDIT_CARD,EUR,MOBILE_APP,ORIENTE
TXN000169,CUST0031,PROD0046,2024-04-09,6,595.04,35.75,CASH,USD,STORE,SUR
TXN000170,CUST0003,PROD0036,2024-04-16,10,793.5,12.46,CRYPTO,PEN,MOBILE_APP,NORTE
TXN000171,CUST0004,PROD0020,2024-05-20,4,433.96,30.27,CREDIT_CARD,USD,STORE,SUR
TXN000172,CUST0078,PROD0012,2024-12-22,6,604.27,30.69,CREDIT_CARD,PEN,MOBILE_APP,ORIENTE
TXN000173,CUST0097,PROD0011,2024-06-11,3,1259.69,17.54,BANK_TRANSFER,PEN,ONLINE,ORIENTE
TXN000174,CUST0013,PROD0014,2024-03-04,5,1860.41,24.87,BANK_TRANSFER,EUR,STORE,SUR
TXN000175,CUST0068,PROD0048,2024-01-29,3,1184.81,23.5,CRYPTO,PEN,ONLINE,CENTRO
TXN000176,CUST0009,PROD0018,2024-06-27,1,1735.76,9.71,CRYPTO,EUR,STORE,SUR
TXN000177,CUST0052,PROD0042,2024-02-06,8,93.93,30.72,BANK_TRANSFER,USD,PHONE,NORTE
TXN000178,CUST0064,PROD0018,2024-10-01,3,725.54,1.8,CREDIT_CARD,PEN,MOBILE_APP,NORTE
TXN000179,CUST0068,PROD0007,2024-05-23,3,356.03,39.52,BANK_TRANSFER,PEN,ONLINE,CENTRO
TXN000180,CUST0081,PROD0036,2024-08-31,2,1655.61,30.0,DEBIT_CARD,USD,MOBILE_APP,SUR
TXN000181,CUST0098,PROD0020,2024-07-11,7,954.62,6.82,BANK_TRANSFER,EUR,STORE,NORTE
TXN000182,CUST0039,PROD0048,2024-12-07,4,149.81,3.6,PAYPAL,USD,ONLINE,CENTRO
TXN000183,CUST0033,PROD0010,2024-02-01,2,1082.88,23.65,CRYPTO,USD,ONLINE,ORIENTE
TXN000184,CUST0008,PROD0006,2024-06-02,1,813.93,19.79,PAYPAL,PEN,PHONE,SUR
TXN000185,CUST0056,PROD0019,2024-12-15,2,1571.5,19.1,PAYPAL,EUR,ONLINE,SUR
TXN000186,CUST0096,PROD0024,2024-11-22,10,1658.57,32.81,BANK_TRANSFER,EUR,PHONE,NORTE
TXN000187,CUST0078,PROD0048,2024-12-03,6,1982.42,47.02,CASH,USD,ONLINE,NORTE
TXN000188,CUST0014,PROD0033,2024-06-05,6,0,37.04,CASH,PEN,MOBILE_APP,CENTRO
TXN000184,CUST0015,PROD0009,2024-10-29,7,975.92,,CREDIT_CARD,USD,ONLINE,ORIENTE
TXN000190,CUST0037,PROD0034,2024-10-14,3,933.65,27.74,CREDIT_CARD,EUR,MOBILE_APP,SUR
TXN000191,CUST0033,PROD0002,2024-05-14,3,1557.86,,CREDIT_CARD,PEN,MOBILE_APP,ORIENTE
TXN000192,CUST0083,PROD0046,2024-12-15,6,321.81,48.04,DEBIT_CARD,USD,PHONE,ORIENTE
TXN000193,CUST0084,PROD0008,2024-07-28,2,1522.03,45.69,CASH,EUR,PHONE,ORIENTE
TXN000192,CUST0070,PROD0007,2024-07-26,10,869.37,82.32,BANK_TRANSFER,EUR,MOBILE_APP,SUR
TXN000195,CUST0030,PROD0027,2024-06-13,4,233.76,42.84,DEBIT_CARD,PEN,STORE,CENTRO
TXN000196,CUST0077,PROD0045,2024-05-30,8,380.01,3.77,CRYPTO,USD,ONLINE,CENTRO
TXN000197,CUST0013,PROD0021,2024-08-10,5,717.91,42.56,DEBIT_CARD,EUR,PHONE,CENTRO
TXN000198,CUST0075,PROD0046,2024-06-03,8,281.01,13.82,CASH,EUR,STORE,SUR
TXN000199,CUST0046,PROD0014,2024-01-15,2,637.12,13.01,CRYPTO,EUR,STORE,ORIENTE
TXN000200,CUST0029,PROD0015,2024-05-12,6,1049.46,45.59,DEBIT_CARD,USD,PHONE,ORIENTE
TXN000201,CUST0056,PROD0035,2024-08-27,7,969.92,15.52,CRYPTO,USD,STORE,SUR
TXN000202,CUST0069,PROD0021,2024-11-30,5,569.38,30.19,CREDIT_CARD,EUR,MOBILE_APP,SUR
TXN000203,CUST0067,PROD0048,2024-04-11,5,1645.18,23.34,CREDIT_CARD,PEN,PHONE,CENTRO
TXN000204,CUST0090,PROD0011,2024-09-02,3,1791.81,17.63,CRYPTO,EUR,PHONE,CENTRO
TXN000205,CUST0051,PROD0020,2024-08-03,7,1257.66,28.08,CREDIT_CARD,EUR,STORE,NORTE
TXN000206,CUST0001,PROD0002,2024-12-19,4,1777.54,6.22,CREDIT_CARD,PEN,PHONE,CENTRO
TXN000207,CUST0067,PROD0019,2024-12-11,3,223.29,34.31,PAYPAL,EUR,MOBILE_APP,NORTE
TXN000208,CUST0049,PROD0005,2024-02-25,2,1987.65,44.02,CRYPTO,EUR,ONLINE,CENTRO
TXN000209,CUST0051,PROD0047,2024-07-11,5,331.44,23.25,BANK_TRANSFER,USD,MOBILE_APP,NORTE
TXN000210,CUST0089,PROD0024,2024-06-19,6,783.49,16.59,BANK_TRANSFER,PEN,ONLINE,ORIENTE
TXN000211,CUST0020,PROD0030,2024-04-16,6,475.26,11.46,CASH,PEN,ONLINE,CENTRO
TXN000212,CUST0024,PROD0013,2024-11-14,5,1720.17,45.52,BANK_TRANSFER,EUR,MOBILE_APP,SUR
TXN000213,CUST0039,PROD0037,2024-12-23,4,1989.61,13.61,PAYPAL,USD,PHONE,CENTRO
TXN000214,CUST0079,PROD0049,2024-09-18,8,297.94,29.63,CASH,USD,STORE,NORTE
TXN000215,CUST0009,PROD0043,2024-02-18,6,1196.3,27.17,PAYPAL,PEN,STORE,NORTE
TXN000216,CUST0060,PROD0019,2024-11-12,6,143.14,1.25,BANK_TRANSFER,PEN,PHONE,NORTE
TXN000217,CUST0073,PROD0041,30/03/2024,1,1519.31,42.84,CRYPTO,EUR,ONLINE,CENTRO
TXN000218,CUST0080,PROD0048,2024-01-05,8,1789.32,45.14,PAYPAL,USD,STORE,ORIENTE
TXN000216,CUST0009,PROD0049,2024-11-03,9,1566.93,37.07,CRYPTO,EUR,MOBILE_APP,SUR
TXN000220,CUST0001,PROD0007,2024-10-04,4,77.54,19.35,CREDIT_CARD,EUR,STORE,ORIENTE
TXN000221,CUST0068,PROD0010,2024-05-25,6,472.27,33.96,CRYPTO,PEN,PHONE,ORIENTE
TXN000222,CUST0047,PROD0020,2024-06-24,5,883.1,18.1,CRYPTO,EUR,MOBILE_APP,SUR
TXN000223,CUST0091,PROD0015,2024-03-07,5,1113.62,41.81,PAYPAL,EUR,PHONE,CENTRO
TXN000224,CUST0071,PROD0027,2024-03-21,8,724.72,6.81,PAYPAL,EUR,PHONE,NORTE
TXN000225,CUST0013,PROD0050,2024-11-03,1,221.16,40.04,DEBIT_CARD,USD,MOBILE_APP,CENTRO
TXN000226,CUST0083,PROD0023,15/05/2024,2,1890.29,18.5,PAYPAL,EUR,PHONE,CENTRO
TXN000227,CUST0080,PROD0039,2024-12-14,7,50.13,21.47,CREDIT_CARD,USD,STORE,ORIENTE
TXN000228,CUST0025,PROD0025,2024-10-02,8,287.26,17.11,DEBIT_CARD,PEN,MOBILE_APP,SUR
TXN000229,CUST0025,PROD0007,2024-08-18,10,866.38,42.61,PAYPAL,EUR,MOBILE_APP,NORTE
TXN000230,CUST0078,PROD0027,2024-10-11,6,181.98,40.42,BANK_TRANSFER,USD,MOBILE_APP,CENTRO
TXN000231,CUST0060,PROD0049,2024-03-28,1,528.97,46.8,CRYPTO,EUR,PHONE,ORIENTE
TXN000232,CUST0062,PROD0022,2024-02-14,9,1566.82,34.76,CRYPTO,USD,ONLINE,SUR
TXN000233,CUST0014,PROD0032,2024-02-14,10,68.68,18.08,CRYPTO,PEN,PHONE,CENTRO
TXN000234,CUST0060,PROD0021,20240810,4,1635.53,23.54,PAYPAL,EUR,PHONE,CENTRO
TXN000235,CUST0002,PROD0023,2024-07-13,1,748.57,33.65,CASH,EUR,PHONE,SUR
TXN000236,CUST0017,PROD0032,2024-07-15,9,215.51,25.01,BANK_TRANSFER,USD,PHONE,CENTRO
TXN000237,CUST0089,PROD0045,21/05/2024,10,760.39,33.34,CREDIT_CARD,PEN,ONLINE,SUR
TXN000238,CUST0085,PROD0042,2024-12-04,1,1668.45,41.11,CASH,USD,ONLINE,NORTE
TXN000239,CUST0065,PROD0046,2024-06-02,10,975.54,15.38,PAYPAL,EUR,PHONE,SUR
TXN000240,CUST0100,PROD0012,2024-10-14,1,999999.99,40.02,BANK_TRANSFER,USD,STORE,SUR
TXN000241,CUST0016,PROD0015,2024-02-11,6,1916.36,18.41,DEBIT_CARD,EUR,STORE,SUR
TXN000242,CUST0030,PROD0040,2024-02-22,2,530.58,33.75,CASH,EUR,STORE,NORTE
TXN000243,CUST0058,PROD0037,2024-06-26,9,666.6,7.12,CASH,EUR,ONLINE,ORIENTE
TXN000234,CUST0068,PROD0044,2024-10-04,8,1289.98,,CREDIT_CARD,PEN,MOBILE_APP,NORTE
TXN000245,CUST0055,PROD0012,2024-05-24,2,1933.8,30.34,DEBIT_CARD,PEN,PHONE,NORTE
TXN000246,CUST0003,PROD0038,2024-09-09,7,803.61,13.59,CRYPTO,USD,STORE,SUR
TXN000247,CUST0033,PROD0038,2024-03-24,8,1400.31,11.09,BANK_TRANSFER,EUR,MOBILE_APP,CENTRO
TXN000248,CUST0085,PROD0048,2024-07-01,8,1474.13,5.73,CREDIT_CARD,USD,ONLINE,SUR
TXN000249,CUST0059,PROD0046,2024-05-11,10,170.61,18.44,BANK_TRANSFER,EUR,ONLINE,ORIENTE
TXN000250,CUST0058,PROD0007,2024-11-03,3,1258.17,35.55,PAYPAL,USD,MOBILE_APP,ORIENTE
TXN000251,CUST0011,PROD0023,2024-02-11,5,985.88,49.01,CASH,PEN,PHONE,ORIENTE
TXN000252,CUST0092,PROD0013,2024-08-15,6,33.36,47.71,DEBIT_CARD,EUR,STORE,CENTRO
TXN000253,CUST0010,PROD0016,2024-09-18,1,1628.37,20.64,CRYPTO,EUR,MOBILE_APP,NORTE
TXN000254,CUST0049,PROD0029,2024-03-17,6,1381.4,47.08,CREDIT_CARD,PEN,ONLINE,SUR
TXN000255,CUST0084,PROD0050,2024-11-15,8,1693.72,31.69,BANK_TRANSFER,EUR,ONLINE,ORIENTE
TXN000256,CUST0087,PROD0033,2024-01-20,1,1004.05,35.43,BANK_TRANSFER,PEN,PHONE,SUR
TXN000257,CUST0040,PROD0008,2024-06-17,4,1857.19,0.29,CREDIT_CARD,PEN,PHONE,CENTRO
TXN000258,CUST0025,PROD0026,20240217,9,1022.24,33.06,PAYPAL,EUR,ONLINE,CENTRO
TXN000259,CUST0060,PROD0035,2024-01-21,8,1967.05,18.58,CRYPTO,EUR,STORE,NORTE
TXN000260,CUST0082,PROD0021,2024-09-28,4,944.14,6.56,CREDIT_CARD,PEN,STORE,SUR
TXN000261,CUST0081,PROD0050,2024-05-28,7,1556.7,33.88,CRYPTO,EUR,STORE,SUR
TXN000262,CUST0081,PROD0039,2024-03-25,3,1310.91,2.48,BANK_TRANSFER,EUR,ONLINE,SUR
TXN000263,CUST0026,PROD0004,2024-06-05,2,1187.51,9.71,CRYPTO,PEN,ONLINE,SUR
TXN000264,CUST0094,PROD0033,2024-08-03,8,1187.15,30.8,CRYPTO,PEN,ONLINE,ORIENTE
TXN000265,CUST0016,PROD0015,2024-04-12,4,1698.18,30.53,CASH,USD,PHONE,CENTRO
TXN000266,CUST0092,PROD0010,2024-09-29,10,825.46,4.17,CRYPTO,USD,MOBILE_APP,NORTE
TXN000267,CUST0062,PROD0030,2024-08-24,7,1687.42,7.53,CREDIT_CARD,USD,STORE,SUR
TXN000268,CUST0048,PROD0007,2024-06-22,5,552.89,49.93,CREDIT_CARD,EUR,ONLINE,SUR
TXN000269,CUST0075,PROD0019,2024-11-13,3,419.85,15.86,CREDIT_CARD,PEN,PHONE,NORTE
TXN000270,CUST0050,PROD0007,2024-04-12,1,904.62,43.01,CRYPTO,PEN,ONLINE,SUR
TXN000271,CUST0091,PROD0019,2024-04-25,9,619.2,12.5,BANK_TRANSFER,EUR,ONLINE,ORIENTE
TXN000272,CUST0069,PROD0048,2024-09-19,7,813.97,,CASH,EUR,STORE,SUR
TXN000273,CUST0012,PROD0010,2024-05-22,4,412.14,35.8,BANK_TRANSFER,USD,ONLINE,NORTE
TXN000274,CUST0072,PROD0037,2024-11-15,8,511.18,23.88,CRYPTO,PEN,ONLINE,SUR
TXN000275,CUST0036,PROD0015,2024-03-31,1,744.25,9.13,DEBIT_CARD,USD,PHONE,SUR
TXN000276,CUST0042,PROD0009,2024-08-25,3,259.64,44.76,PAYPAL,USD,ONLINE,ORIENTE
TXN000277,CUST0053,PROD0003,2024-02-06,9,166.29,19.36,CREDIT_CARD,EUR,PHONE,CENTRO
TXN000278,CUST0063,PROD0039,2024-10-10,10,514.21,42.33,DEBIT_CARD,PEN,ONLINE,SUR
TXN000279,CUST0085,PROD0024,2024-11-02,5,140.84,25.41,CRYPTO,PEN,ONLINE,NORTE
TXN000276,CUST0095,PROD0045,2024-10-31,3,683.74,,PAYPAL,PEN,ONLINE,NORTE
TXN000281,CUST0012,PROD0048,2024-03-23,8,850.81,24.91,DEBIT_CARD,EUR,PHONE,SUR
TXN000282,CUST0033,PROD0040,2024-06-23,4,1670.71,37.73,BANK_TRANSFER,PEN,ONLINE,NORTE
TXN000283,CUST0026,PROD0032,2024-12-06,1,238.95,2.64,CREDIT_CARD,USD,PHONE,ORIENTE
TXN000284,CUST0057,PROD0044,2024-09-08,4,1924.05,13.19,CREDIT_CARD,EUR,MOBILE_APP,CENTRO
TXN000285,CUST0036,PROD0005,2024-03-05,5,642.43,19.52,CRYPTO,PEN,STORE,NORTE
TXN000286,CUST0074,PROD0040,2024-08-06,7,446.85,23.86,CREDIT_CARD,EUR,PHONE,SUR
TXN000287,CUST0094,PROD0043,23/03/2024,6,207.79,21.55,PAYPAL,EUR,MOBILE_APP,NORTE
TXN000280,CUST0074,PROD0003,2024-03-08,7,833.54,64.39,BANK_TRANSFER,EUR,STORE,SUR
TXN000289,CUST0037,PROD0001,2024-06-30,8,1197.9,11.92,CRYPTO,EUR,ONLINE,ORIENTE
TXN000290,CUST0012,PROD0014,2024-02-26,2,1424.29,28.48,CREDIT_CARD,PEN,STORE,NORTE
TXN000281,CUST0026,PROD0011,2024-08-28,7,1850.3,,BANK_TRANSFER,USD,PHONE,ORIENTE
TXN000292,CUST0023,PROD0008,2024-09-21,6,516.34,23.93,CASH,PEN,ONLINE,NORTE
TXN000293,CUST0013,PROD0046,2024-11-13,9,415.75,1.31,CREDIT_CARD,EUR,MOBILE_APP,SUR
TXN000294,CUST0012,PROD0032,2024-05-25,7,1527.14,41.39,PAYPAL,PEN,ONLINE,NORTE
TXN000295,CUST0019,PROD0026,2024-05-09,8,1405.03,30.88,CREDIT_CARD,USD,STORE,SUR
TXN000296,CUST0010,PROD0004,2024-10-14,8,70.4,28.68,DEBIT_CARD,EUR,STORE,ORIENTE
TXN000297,CUST0078,PROD0027,2024-11-24,4,640.96,35.73,DEBIT_CARD,EUR,PHONE,CENTRO
TXN000298,CUST0036,PROD0036,2024-06-07,6,1014.99,29.72,CASH,PEN,STORE,CENTRO
TXN000299,CUST0016,PROD0016,2024-10-18,3,1780.71,30.52,CRYPTO,EUR,PHONE,NORTE
TXN000300,CUST0045,PROD0004,2024-01-11,10,318.67,22.35,CREDIT_CARD,USD,ONLINE,NORTE
TXN000301,CUST0046,PROD0017,2024-04-18,10,1239.86,22.83,CRYPTO,USD,ONLINE,CENTRO
TXN000302,CUST0079,PROD0003,2024-02-16,2,85.09,2.6,DEBIT_CARD,EUR,STORE,CENTRO
TXN000303,CUST0031,PROD0007,2024-06-06,9,1522.62,32.39,CRYPTO,EUR,MOBILE_APP,SUR
TXN000304,CUST0019,PROD0033,2024-01-22,9,442.56,15.06,DEBIT_CARD,EUR,STORE,NORTE
TXN000305,CUST0059,PROD0025,2024-08-12,3,1497.88,30.5,CASH,USD,PHONE,CENTRO
TXN000306,CUST0097,PROD0019,2024-02-21,9,1246.76,3.04,PAYPAL,EUR,ONLINE,CENTRO
TXN000307,CUST0008,PROD0038,2024-11-26,4,153.69,35.39,CREDIT_CARD,EUR,MOBILE_APP,ORIENTE
TXN000308,CUST0047,PROD0024,2024-07-21,10,179.83,38.58,CREDIT_CARD,USD,ONLINE,ORIENTE
TXN000309,CUST0015,PROD0034,2024-01-20,1,1024.0,6.38,CASH,EUR,STORE,NORTE
TXN000310,CUST0074,PROD0007,2024-07-19,4,219.6,7.1,CREDIT_CARD,PEN,PHONE,NORTE
TXN000311,CUST0009,PROD0001,2024-05-07,5,95.08,6.43,CASH,USD,PHONE,SUR
TXN000312,CUST0035,PROD0015,2024-08-16,5,105.68,43.85,CREDIT_CARD,USD,MOBILE_APP,CENTRO
TXN000313,CUST0096,PROD0042,2024-10-19,5,34.87,43.24,BANK_TRANSFER,PEN,MOBILE_APP,SUR
TXN000314,CUST0027,PROD0039,25/01/2024,1,1905.99,28.2,CREDIT_CARD,EUR,STORE,SUR
TXN000315,CUST0051,PROD0023,09-23-2024,6,1424.72,30.05,DEBIT_CARD,USD,STORE,NORTE
TXN000316,CUST0031,PROD0024,2024-12-22,7,42.66,27.67,CREDIT_CARD,PEN,PHONE,SUR
TXN000317,CUST0069,PROD0019,2024-04-02,4,891.13,48.35,PAYPAL,EUR,MOBILE_APP,SUR
TXN000318,CUST0074,PROD0026,2024-05-13,10,882.95,17.68,PAYPAL,USD,ONLINE,ORIENTE
TXN000319,CUST0001,PROD0032,2024-08-24,1,1852.34,43.99,CASH,USD,MOBILE_APP,CENTRO
TXN000320,CUST0075,PROD0029,2024-04-30,9,490.94,37.46,BANK_TRANSFER,PEN,MOBILE_APP,SUR
TXN000321,CUST0053,PROD0042,2024-10-20,5,1123.1,7.85,CASH,PEN,PHONE,NORTE
TXN000322,CUST0033,PROD0019,2024-06-26,8,795.35,22.75,BANK_TRANSFER,EUR,ONLINE,SUR
TXN000323,CUST0089,PROD0017,2024-04-19,4,87.9,13.63,DEBIT_CARD,PEN,MOBILE_APP,NORTE
TXN000324,CUST0018,PROD0007,2024-10-12,5,1448.71,27.6,BANK_TRANSFER,EUR,STORE,SUR
TXN000325,CUST0056,PROD0007,2024-03-01,4,1872.52,42.2,CRYPTO,USD,ONLINE,ORIENTE
TXN000326,CUST0100,PROD0045,2024-09-20,3,1541.82,0.64,CRYPTO,EUR,PHONE,CENTRO
TXN000327,CUST0039,PROD0031,2024-12-26,6,-10,23.84,CREDIT_CARD,USD,PHONE,NORTE
TXN000324,CUST0053,PROD0049,2024-01-11,1,1691.48,75.32,CASH,PEN,PHONE,ORIENTE
TXN000329,CUST0006,PROD0025,2024-03-11,4,530.73,0.55,CRYPTO,USD,MOBILE_APP,NORTE
TXN000330,CUST0040,PROD0044,2024-12-26,7,1707.4,34.94,CASH,USD,STORE,SUR
TXN000331,CUST0056,PROD0033,2024-01-08,7,988.67,44.04,PAYPAL,USD,MOBILE_APP,ORIENTE
TXN000332,CUST0076,PROD0050,2024-03-19,5,41.83,27.86,PAYPAL,PEN,MOBILE_APP,SUR
TXN000333,CUST0041,PROD0008,2024-01-12,5,297.7,16.72,PAYPAL,PEN,MOBILE_APP,ORIENTE
TXN000334,CUST0061,PROD0027,2024-09-05,8,1608.81,12.85,PAYPAL,PEN,MOBILE_APP,SUR
TXN000335,CUST0090,PROD0012,2024-05-03,5,626.63,36.72,DEBIT_CARD,PEN,PHONE,NORTE
TXN000336,CUST0067,PROD0006,2024-09-01,10,1866.7,33.03,CASH,EUR,PHONE,ORIENTE
TXN000337,CUST0083,PROD0005,2024-08-02,1,347.97,17.3,CRYPTO,USD,STORE,ORIENTE
TXN000338,CUST0046,PROD0045,2024-10-15,7,578.28,45.22,CASH,EUR,MOBILE_APP,CENTRO
TXN000339,CUST0087,PROD0003,2024-02-27,5,945.35,36.18,CASH,PEN,PHONE,NORTE
TXN000340,CUST0016,PROD0028,2024-05-15,10,1435.25,22.69,BANK_TRANSFER,EUR,PHONE,NORTE
TXN000341,CUST0040,PROD0015,2024-08-17,1,215.03,22.19,CRYPTO,USD,ONLINE,ORIENTE
TXN000342,CUST0070,PROD0008,2024-12-23,1,914.69,17.85,DEBIT_CARD,PEN,PHONE,ORIENTE
TXN000343,CUST0081,PROD0016,2024-11-25,4,1801.67,46.36,CRYPTO,USD,PHONE,SUR
TXN000344,CUST0010,PROD0002,2024-10-20,2,1983.32,23.11,CRYPTO,EUR,PHONE,SUR
TXN000345,CUST0019,PROD0048,2024-03-28,5,1422.84,45.3,DEBIT_CARD,EUR,PHONE,SUR
TXN000346,CUST0041,PROD0033,2024-09-04,8,545.23,8.15,BANK_TRANSFER,EUR,ONLINE,CENTRO
TXN000347,CUST0030,PROD0041,2024-02-18,9,494.61,38.66,CRYPTO,PEN,STORE,CENTRO
TXN000348,CUST0012,PROD0015,2024-09-14,6,677.58,4.18,DEBIT_CARD,EUR,PHONE,SUR
TXN000349,CUST0060,PROD0001,20240704,9,716.25,0.6,CASH,USD,ONLINE,CENTRO
TXN000350,CUST0059,PROD0023,2024-12-17,5,221.27,56.05,DEBIT_CARD,EUR,ONLINE,SUR
TXN000351,CUST0012,PROD0031,2024-08-27,9,1835.38,18.26,CRYPTO,USD,PHONE,CENTRO
TXN000352,CUST0013,PROD0008,2024-05-18,8,764.03,1.35,PAYPAL,PEN,MOBILE_APP,SUR
TXN000353,CUST0011,PROD0001,2024-12-21,10,379.81,28.23,PAYPAL,EUR,STORE,NORTE
TXN000354,CUST0008,PROD0048,2024-01-21,6,1529.43,46.45,DEBIT_CARD,EUR,STORE,ORIENTE
TXN000355,CUST0062,PROD0032,2024-03-03,2,961.92,45.82,CREDIT_CARD,EUR,ONLINE,SUR
TXN000356,CUST0014,PROD0010,2024-01-31,5,587.32,12.49,BANK_TRANSFER,USD,ONLINE,NORTE
TXN000355,CUST0008,PROD0050,2024-06-23,10,0,,PAYPAL,EUR,ONLINE,CENTRO
TXN000358,CUST0063,PROD0036,2024-03-30,3,375.07,57.27,DEBIT_CARD,EUR,ONLINE,ORIENTE
TXN000359,CUST0026,PROD0024,20241030,5,1968.03,5.24,CASH,EUR,PHONE,NORTE
TXN000360,CUST0083,PROD0048,2024-05-01,4,1316.56,4.47,PAYPAL,EUR,ONLINE,SUR
TXN000361,CUST0036,PROD0011,2024-07-11,3,852.6,22.96,DEBIT_CARD,EUR,PHONE,NORTE
TXN000362,CUST0003,PROD0003,2024-10-08,1,412.56,46.58,PAYPAL,PEN,PHONE,SUR
TXN000363,CUST0009,PROD0019,2024-02-26,9,1811.13,13.6,DEBIT_CARD,PEN,MOBILE_APP,SUR
TXN000364,CUST0005,PROD0025,2024-08-27,10,538.52,26.57,PAYPAL,USD,PHONE,NORTE
TXN000365,CUST0055,PROD0023,2024-12-12,6,141.33,2.74,PAYPAL,PEN,PHONE,NORTE
TXN000366,CUST0055,PROD0030,2024-12-08,3,462.97,22.12,PAYPAL,PEN,ONLINE,NORTE
TXN000367,CUST0011,PROD0005,2024-07-27,5,77.03,6.95,CRYPTO,EUR,STORE,SUR
TXN000368,CUST0042,PROD0033,2024-12-07,2,717.62,8.21,CREDIT_CARD,PEN,STORE,NORTE
TXN000369,CUST0066,PROD0034,2024-11-26,1,754.48,21.03,CASH,USD,PHONE,NORTE
TXN000370,CUST0019,PROD0016,2024-04-24,7,1308.51,30.35,PAYPAL,USD,STORE,CENTRO
TXN000371,CUST0035,PROD0041,2024-06-04,9,1434.48,13.49,CRYPTO,EUR,ONLINE,SUR
TXN000372,CUST0026,PROD0010,2024-11-02,4,322.37,5.68,DEBIT_CARD,EUR,MOBILE_APP,NORTE
TXN000373,CUST0093,PROD0042,03-07-2024,3,1337.99,23.09,CRYPTO,EUR,PHONE,SUR
TXN000374,CUST0079,PROD0043,2024-11-24,5,1164.32,43.56,DEBIT_CARD,EUR,PHONE,SUR
TXN000375,CUST0006,PROD0017,2024-06-06,8,172.8,,PAYPAL,EUR,PHONE,CENTRO
TXN000376,CUST0010,PROD0019,2024-12-14,5,531.52,,CREDIT_CARD,USD,MOBILE_APP,CENTRO
TXN000377,CUST0024,PROD0035,2024-05-16,6,1187.47,8.13,DEBIT_CARD,EUR,MOBILE_APP,CENTRO
TXN000378,CUST0021,PROD0025,2024-05-10,7,828.98,20.37,CREDIT_CARD,PEN,ONLINE,CENTRO
TXN000379,CUST0043,PROD0012,20241006,9,1754.78,26.81,CRYPTO,EUR,STORE,CENTRO
TXN000374,CUST0029,PROD0049,2024-05-23,4,1197.4,,BANK_TRANSFER,EUR,PHONE,ORIENTE
TXN000381,CUST0056,PROD0022,2024-06-06,7,939.99,49.35,CRYPTO,PEN,PHONE,ORIENTE
TXN000382,CUST0027,PROD0032,2024-07-06,5,1031.67,10.2,DEBIT_CARD,PEN,STORE,NORTE
TXN000383,CUST0073,PROD0038,2024-08-24,3,27.05,23.88,DEBIT_CARD,EUR,STORE,SUR
TXN000384,CUST0022,PROD0028,2024-03-25,9,985.5,36.94,CASH,PEN,ONLINE,NORTE
TXN000385,CUST0065,PROD0037,2024-06-28,6,1173.86,0.02,CREDIT_CARD,USD,MOBILE_APP,CENTRO
TXN000386,CUST0024,PROD0049,2024-06-06,4,1680.62,18.86,DEBIT_CARD,USD,PHONE,ORIENTE
TXN000387,CUST0083,PROD0003,2024-01-08,6,321.6,32.95,CRYPTO,EUR,MOBILE_APP,NORTE
TXN000388,CUST0008,PROD0033,2024-09-15,10,1409.26,44.34,DEBIT_CARD,USD,STORE,CENTRO
TXN000389,CUST0090,PROD0005,2024-08-20,9,33.61,34.49,CRYPTO,PEN,PHONE,SUR
TXN000390,CUST0043,PROD0009,2024-10-21,4,-10,13.56,CREDIT_CARD,USD,PHONE,ORIENTE
TXN000391,CUST0089,PROD0047,2024-10-31,8,533.24,35.01,CRYPTO,EUR,ONLINE,CENTRO
TXN000392,CUST0045,PROD0046,2024-09-28,10,337.36,14.47,CASH,USD,MOBILE_APP,SUR
TXN000393,CUST0074,PROD0044,2024-06-21,10,1184.89,4.82,PAYPAL,USD,ONLINE,NORTE
TXN000394,CUST0008,PROD0008,25/08/2024,2,136.36,46.0,DEBIT_CARD,USD,MOBILE_APP,ORIENTE
TXN000395,CUST0019,PROD0049,2024-04-15,5,1874.46,43.99,BANK_TRANSFER,PEN,STORE,ORIENTE
TXN000396,CUST0007,PROD0003,2024-11-10,10,623.98,30.65,DEBIT_CARD,EUR,MOBILE_APP,CENTRO
TXN000397,CUST0064,PROD0010,2024-03-20,1,1362.35,45.7,CASH,EUR,PHONE,ORIENTE
TXN000398,CUST0073,PROD0037,2024-10-14,6,1023.23,47.53,PAYPAL,PEN,ONLINE,ORIENTE
TXN000399,CUST0096,PROD0034,2024-10-27,9,1203.12,39.43,DEBIT_CARD,USD,STORE,CENTRO
TXN000400,CUST0001,PROD0012,2024-04-11,8,483.15,38.91,BANK_TRANSFER,EUR,MOBILE_APP,NORTE
TXN000401,CUST0002,PROD0035,2024-06-24,10,564.99,43.77,BANK_TRANSFER,USD,PHONE,ORIENTE
TXN000402,CUST0083,PROD0023,09-07-2024,2,399.98,14.74,DEBIT_CARD,EUR,PHONE,ORIENTE
TXN000403,CUST0021,PROD0015,2024-06-17,2,1455.1,28.48,CRYPTO,EUR,STORE,NORTE
TXN000404,CUST0073,PROD0029,08/12/2024,4,546.0,29.64,DEBIT_CARD,USD,PHONE,NORTE
TXN000405,CUST0073,PROD0017,2024-10-20,5,0,1.37,BANK_TRANSFER,USD,ONLINE,NORTE
TXN000406,CUST0089,PROD0013,2024-01-31,7,1571.48,0.1,BANK_TRANSFER,EUR,STORE,NORTE
TXN000399,CUST0083,PROD0029,2024-01-09,5,292.31,88.91,CRYPTO,USD,STORE,SUR
TXN000408,CUST0049,PROD0023,09-20-2024,3,582.12,21.34,CRYPTO,USD,STORE,ORIENTE
TXN000409,CUST0077,PROD0002,2024-06-22,6,1667.24,19.15,CASH,PEN,PHONE,CENTRO
TXN000410,CUST0074,PROD0011,2024-01-04,8,333.26,19.93,BANK_TRANSFER,EUR,ONLINE,SUR
TXN000411,CUST0010,PROD0038,2024-05-27,3,945.24,28.78,CASH,PEN,MOBILE_APP,NORTE
TXN000412,CUST0046,PROD0014,2024-03-19,3,1796.83,38.21,PAYPAL,EUR,ONLINE,CENTRO
TXN000413,CUST0090,PROD0010,2024-09-20,7,1022.7,24.82,BANK_TRANSFER,USD,STORE,SUR
TXN000414,CUST0002,PROD0035,2024-07-19,7,44.5,7.75,DEBIT_CARD,EUR,STORE,SUR
TXN000415,CUST0043,PROD0020,17/08/2024,4,423.38,36.32,BANK_TRANSFER,PEN,STORE,ORIENTE
TXN000416,CUST0082,PROD0015,2024-06-11,2,129.45,15.79,PAYPAL,PEN,ONLINE,CENTRO
TXN000417,CUST0058,PROD0025,2024-09-16,3,1826.41,39.45,PAYPAL,EUR,STORE,NORTE
TXN000418,CUST0068,PROD0023,2024-06-19,6,1784.29,40.16,CREDIT_CARD,PEN,ONLINE,SUR
TXN000419,CUST0092,PROD0017,2024-05-14,7,283.42,25.36,PAYPAL,USD,ONLINE,SUR
TXN000420,CUST0003,PROD0037,2024-08-28,6,497.95,3.76,CREDIT_CARD,USD,PHONE,CENTRO
TXN000421,CUST0058,PROD0049,2024-12-06,3,487.18,19.3,DEBIT_CARD,PEN,MOBILE_APP,SUR
TXN000422,CUST0048,PROD0029,2024-08-10,9,853.63,49.27,PAYPAL,EUR,ONLINE,NORTE
TXN000423,CUST0002,PROD0028,2024-03-07,3,0,1.4,DEBIT_CARD,PEN,MOBILE_APP,CENTRO
TXN000424,CUST0054,PROD0029,2024-06-14,5,142.53,1.34,CASH,EUR,PHONE,SUR
TXN000425,CUST0044,PROD0029,2024-09-24,2,1730.7,5.46,BANK_TRANSFER,USD,PHONE,SUR
TXN000426,CUST0042,PROD0006,2024-05-28,7,853.5,25.32,CASH,USD,PHONE,ORIENTE
TXN000427,CUST0029,PROD0021,2024-02-27,2,493.11,12.15,BANK_TRANSFER,EUR,MOBILE_APP,CENTRO
TXN000428,CUST0035,PROD0033,2024-10-07,5,278.92,94.63,CASH,EUR,MOBILE_APP,ORIENTE
TXN000429,CUST0042,PROD0045,2024-09-03,4,653.79,21.13,CRYPTO,EUR,STORE,CENTRO
TXN000430,CUST0035,PROD0030,2024-08-23,9,1715.37,33.96,CASH,EUR,ONLINE,SUR
TXN000431,CUST0031,PROD0036,2024-05-27,5,453.5,38.9,PAYPAL,PEN,ONLINE,NORTE
TXN000432,CUST0092,PROD0012,2024-05-04,10,1509.32,20.17,CRYPTO,PEN,PHONE,ORIENTE
TXN000433,CUST0031,PROD0023,07-01-2024,6,380.19,26.25,CREDIT_CARD,EUR,STORE,NORTE
TXN000434,CUST0049,PROD0042,20240730,6,1338.44,44.64,CREDIT_CARD,USD,MOBILE_APP,CENTRO
TXN000435,CUST0008,PROD0018,2024-06-03,9,1183.61,10.24,CRYPTO,USD,ONLINE,SUR
TXN000436,CUST0051,PROD0037,2024-04-22,3,265.32,0.78,CASH,PEN,PHONE,NORTE
TXN000437,CUST0029,PROD0036,2024-10-11,10,1044.17,12.75,PAYPAL,EUR,MOBILE_APP,SUR
TXN000438,CUST0018,PROD0034,2024-02-07,10,1117.77,26.47,DEBIT_CARD,PEN,MOBILE_APP,CENTRO
TXN000439,CUST0098,PROD0013,2024-04-26,10,426.28,49.19,CASH,PEN,STORE,NORTE
TXN000440,CUST0017,PROD0036,2024-11-03,8,1815.79,3.31,PAYPAL,PEN,PHONE,NORTE
TXN000441,CUST0016,PROD0003,2024-03-04,4,831.88,42.77,CRYPTO,PEN,ONLINE,SUR
TXN000442,CUST0033,PROD0028,2024-08-25,8,895.04,37.27,DEBIT_CARD,EUR,ONLINE,NORTE
TXN000443,CUST0003,PROD0032,2024-08-07,5,1554.85,23.78,CRYPTO,USD,MOBILE_APP,SUR
TXN000444,CUST0005,PROD0048,2024-04-04,6,1704.67,21.32,PAYPAL,PEN,ONLINE,ORIENTE
TXN000445,CUST0086,PROD0003,2024-11-23,2,397.13,2.21,BANK_TRANSFER,EUR,MOBILE_APP,NORTE
TXN000446,CUST0057,PROD0008,2024-06-08,5,1293.02,41.86,BANK_TRANSFER,PEN,ONLINE,NORTE
TXN000447,CUST0036,PROD0017,2024-11-18,4,28.85,13.34,PAYPAL,EUR,ONLINE,CENTRO
TXN000448,CUST0034,PROD0017,2024-06-16,6,143.33,42.92,PAYPAL,EUR,STORE,ORIENTE
TXN000449,CUST0063,PROD0047,2024-01-11,10,525.85,41.68,CRYPTO,PEN,STORE,SUR
TXN000450,CUST0008,PROD0030,2024-04-24,6,463.98,48.81,CASH,PEN,STORE,ORIENTE
TXN000451,CUST0042,PROD0031,2024-02-21,4,907.89,15.81,CRYPTO,USD,PHONE,ORIENTE
TXN000452,CUST0093,PROD0012,2024-08-14,7,136.63,15.79,PAYPAL,PEN,STORE,SUR
TXN000453,CUST0099,PROD0050,2024-10-24,8,1301.9,16.78,CREDIT_CARD,PEN,PHONE,NORTE
TXN000454,CUST0011,PROD0028,2024-01-06,3,245.35,7.31,PAYPAL,USD,PHONE,CENTRO
TXN000455,CUST0017,PROD0038,2024-03-13,8,271.21,2.65,DEBIT_CARD,EUR,ONLINE,CENTRO
TXN000456,CUST0026,PROD0009,2024-07-11,5,318.44,47.4,DEBIT_CARD,USD,ONLINE,NORTE
TXN000457,CUST0010,PROD0027,2024-01-18,9,1024.34,31.3,DEBIT_CARD,USD,ONLINE,CENTRO
TXN000458,CUST0062,PROD0034,2024-09-24,8,1815.45,6.6,DEBIT_CARD,EUR,MOBILE_APP,ORIENTE
TXN000459,CUST0049,PROD0043,2024-06-13,8,143.08,4.38,CRYPTO,USD,MOBILE_APP,NORTE
TXN000460,CUST0099,PROD0031,2024-12-19,8,520.46,,DEBIT_CARD,PEN,ONLINE,NORTE
TXN000461,CUST0013,PROD0026,2024-09-04,3,1081.88,32.82,BANK_TRANSFER,EUR,STORE,ORIENTE
TXN000462,CUST0036,PROD0025,2024-08-06,6,1247.79,4.66,DEBIT_CARD,USD,PHONE,NORTE
TXN000463,CUST0064,PROD0013,2024-09-13,5,1219.01,14.0,CASH,EUR,STORE,ORIENTE
TXN000464,CUST0061,PROD0033,2024-12-24,6,1192.94,49.42,CASH,EUR,ONLINE,CENTRO
TXN000465,CUST0033,PROD0030,2024-05-04,4,1589.47,35.78,CASH,EUR,PHONE,ORIENTE
TXN000466,CUST0052,PROD0040,2024-07-16,6,569.6,31.59,CRYPTO,EUR,STORE,CENTRO
TXN000467,CUST0067,PROD0047,2024-10-17,6,1309.93,33.04,CREDIT_CARD,PEN,STORE,SUR
TXN000468,CUST0044,PROD0033,2024-03-03,9,1420.12,26.83,CRYPTO,PEN,STORE,NORTE
TXN000469,CUST0007,PROD0049,2024-04-13,3,903.67,,,PEN,ONLINE,CENTRO
TXN000470,CUST0054,PROD0039,2024-06-12,3,164.22,40.92,PAYPAL,USD,PHONE,CENTRO
TXN000471,CUST0007,PROD0037,2024-06-21,4,1412.37,10.25,BANK_TRANSFER,PEN,MOBILE_APP,SUR
TXN000472,CUST0044,PROD0035,05-07-2024,1,237.13,25.98,BANK_TRANSFER,PEN,PHONE,CENTRO
TXN000473,CUST0031,PROD0011,2024-12-03,6,307.84,38.65,PAYPAL,PEN,ONLINE,SUR
TXN000474,CUST0002,PROD0039,2024-04-19,9,313.76,14.8,CRYPTO,USD,STORE,CENTRO
TXN000475,CUST0023,PROD0009,04-22-2024,1,366.86,40.09,CASH,EUR,PHONE,CENTRO
TXN000476,CUST0066,PROD0026,2024-12-26,9,21.8,49.41,CRYPTO,USD,MOBILE_APP,SUR
TXN000476,CUST0017,PROD0022,2024-10-12,10,1182.2,48.38,PAYPAL,EUR,PHONE,NORTE
TXN000478,CUST0073,PROD0033,2024-11-13,5,294.15,20.79,CREDIT_CARD,EUR,PHONE,CENTRO
TXN000479,CUST0078,PROD0041,2024-03-11,10,753.34,40.23,DEBIT_CARD,EUR,STORE,SUR
TXN000480,CUST0072,PROD0018,2024-06-20,5,1580.05,5.59,CASH,PEN,PHONE,NORTE
TXN000481,CUST0013,PROD0032,2024-11-26,8,1504.84,20.06,PAYPAL,USD,STORE,NORTE
TXN000482,CUST0041,PROD0041,2024-07-27,3,934.64,45.26,DEBIT_CARD,PEN,MOBILE_APP,SUR
TXN000483,CUST0031,PROD0037,2024-01-17,4,370.01,42.05,BANK_TRANSFER,USD,PHONE,NORTE
TXN000484,CUST0070,PROD0016,2024-11-10,4,0,44.56,CASH,USD,PHONE,SUR
TXN000485,CUST0054,PROD0017,2024-07-26,2,764.54,29.27,CASH,USD,STORE,ORIENTE
TXN000486,CUST0033,PROD0002,2024-08-20,10,747.5,22.85,BANK_TRANSFER,EUR,MOBILE_APP,SUR
TXN000487,CUST0022,PROD0010,2024-04-22,4,1990.38,0.38,CRYPTO,PEN,STORE,NORTE
TXN000488,CUST0092,PROD0037,2024-01-08,1,1704.03,18.46,BANK_TRANSFER,USD,STORE,SUR
TXN000489,CUST0025,PROD0013,2024-07-29,8,204.52,46.43,DEBIT_CARD,EUR,PHONE,NORTE
TXN000490,CUST0089,PROD0048,2024-09-20,8,1347.55,1.1,PAYPAL,PEN,PHONE,ORIENTE
TXN000491,CUST0030,PROD0035,2024-12-01,5,667.4,40.93,CRYPTO,EUR,STORE,SUR
TXN000492,CUST0019,PROD0017,2024-02-10,10,935.97,5.8,DEBIT_CARD,EUR,ONLINE,ORIENTE
TXN000493,CUST0038,PROD0018,2024-04-25,8,1655.17,24.73,PAYPAL,PEN,STORE,SUR
TXN000494,CUST0038,PROD0015,2024-04-01,9,825.46,38.91,CREDIT_CARD,USD,PHONE,NORTE
TXN000495,CUST0098,PROD0048,2024-09-02,3,1123.71,21.26,PAYPAL,EUR,ONLINE,ORIENTE
TXN000496,CUST0008,PROD0031,2024-06-07,2,1482.04,11.63,CREDIT_CARD,PEN,ONLINE,NORTE
TXN000497,CUST0060,PROD0047,2024-06-27,10,1261.59,7.41,CREDIT_CARD,EUR,STORE,SUR
TXN000498,CUST0037,PROD0047,2024-11-30,2,153.3,6.15,PAYPAL,PEN,STORE,CENTRO
TXN000494,CUST0021,PROD0030,2024-08-16,7,1816.35,,PAYPAL,EUR,ONLINE,SUR
TXN000500,CUST0017,PROD0022,2024-12-27,7,121.53,25.25,BANK_TRANSFER,USD,PHONE,NORTE
